Attendance,actual_Final Score,pred_Final Score
98.0,94.0,93.00600558659218
95.0,88.0,88.27430167597765
95.0,88.0,88.27430167597765
95.0,89.0,88.27430167597765
99.0,96.0,94.58324022346369
95.0,86.0,88.27430167597765
