Attendance,actual_Final Score,pred_Final Score
97.0,92.0,91.22030386740333
95.0,84.0,88.32113259668508
96.0,90.0,89.77071823204422
99.0,96.0,94.11947513812156
