Final Score,actual_Midterm Score,pred_Midterm Score
92.0,90.0,88.77265973254086
84.0,86.0,82.00693412580486
90.0,85.0,87.08122833085686
96.0,94.0,92.15552253590887
