Attendance,actual_Quiz Score,pred_Quiz Score
97.0,89.0,88.55179558011051
95.0,81.0,84.82941988950276
96.0,88.0,86.69060773480663
99.0,95.0,92.27417127071823
