Attendance,actual_Final Score,pred_Final Score
96.0,90.0,90.1639085894405
98.0,93.0,93.44208037825058
88.0,78.0,77.05122143420013
